split,class_accuracy,mae,rmse
train,0.2052689352360044,19.870472008781558,27.21909722175789
val,0.07456140350877193,20.55701754385965,26.590708705743143
test,0.039473684210526314,21.736842105263158,28.150597513212347
