split,accuracy
train,0.8284341435839457
val,0.7539503386004515
test,0.7742663656884876
