split,class_accuracy,mae,rmse
train,0.050493962678375415,15.811745334796926,20.931976494256155
val,0.021929824561403508,15.526315789473685,20.522131827294213
test,0.03070175438596491,15.552631578947368,20.23697328454278
