split,accuracy
train,0.8485019785189373
val,0.7200902934537246
test,0.7584650112866818
